BOX HILL,RAW,,,,,,,,,AliveMask,,,,,,,BOX HILL,FULL DISTRIBUTION,,,,,,,,BULLEEN,RAW,,,,,,,,,AliveMask,,,,,,,BULLEEN,FULL DISTRIBUTION,,,,,,,,GLEN WAVERLEY,RAW,,,,,,,,,AliveMask,,,,,,,GLEN WAVERLEY,FULL DISTRIBUTION,,,,,,,,IVANHOE,RAW,,,,,,,,,AliveMask,,,,,,,IVANHOE,FULL DISTRIBUTION,,,,,,,,BUNDOORA,RAW,,,,,,,,,AliveMask,,,,,,,BUNDOORA,FULL DISTRIBUTION,,,,,,,,BAYSWATER,RAW,,,,,,,,,AliveMask,,,,,,,BAYSWATER,FULL DISTRIBUTION,,,,,,,,CROYDON,RAW,,,,,,,,,AliveMask,,,,,,,CROYDON,FULL DISTRIBUTION,,,,,,,,RINGWOOD,RAW,,,,,,,,,AliveMask,,,,,,,RINGWOOD,FULL DISTRIBUTION,,,,,,,,WARRANDYTE,RAW,,,,,,,,,AliveMask,,,,,,,WARRANDYTE,FULL DISTRIBUTION,,,,,,,,ELTHAM,RAW,,,,,,,,,AliveMask,,,,,,,ELTHAM,FULL DISTRIBUTION,,,,,,,,MILL PARK,RAW,,,,,,,,,AliveMask,,,,,,,MILL PARK,FULL DISTRIBUTION,,,,,,,,NE METRO,RAW,,,,,,,,,AliveMask,,,,,,,NE METRO,FULL DISTRIBUTION,,,,,,,,NE METRO,RAW,,,,,,,,,AliveMask,,,,,,,"NE METRO
(3CP, 2PP gen)",FULL DISTRIBUTION,,,,,,,,VICTORIA,RAW,,,,,,,,,AliveMask,,,,,,,VICTORIA,FULL DISTRIBUTION,,,,,
,ALP,LNP,GRN,ON,IND,OTH,Parties left,,,,,,,,,,,ALP,LNP,GRN,ON,IND,OTH,,,,ALP,LNP,GRN,ON,IND,OTH,Parties left,,,,,,,,,,,ALP,LNP,GRN,ON,IND,OTH,,,,ALP,LNP,GRN,ON,IND,OTH,Parties left,,,,,,,,,,,ALP,LNP,GRN,ON,IND,OTH,,,,ALP,LNP,GRN,ON,IND,OTH,Parties left,,,,,,,,,,,ALP,LNP,GRN,ON,IND,OTH,,,,ALP,LNP,GRN,ON,IND,OTH,Parties left,,,,,,,,,,,ALP,LNP,GRN,ON,IND,OTH,,,,ALP,LNP,GRN,ON,IND,OTH,Parties left,,,,,,,,,,,ALP,LNP,GRN,ON,IND,OTH,,,,ALP,LNP,GRN,ON,IND,OTH,Parties left,,,,,,,,,,,ALP,LNP,GRN,ON,IND,OTH,,,,ALP,LNP,GRN,ON,IND,OTH,Parties left,,,,,,,,,,,ALP,LNP,GRN,ON,IND,OTH,,,,ALP,LNP,GRN,ON,IND,OTH,Parties left,,,,,,,,,,,ALP,LNP,GRN,ON,IND,OTH,,,,ALP,LNP,GRN,ON,IND,OTH,Parties left,,,,,,,,,,,ALP,LNP,GRN,ON,IND,OTH,,,,ALP,LNP,GRN,ON,IND,OTH,Parties left,,,,,,,,,,,ALP,LNP,GRN,ON,IND,OTH,,,,ALP,LNP,GRN,ON,IND,OTH,Parties left,,,,,,,,,,,ALP,LNP,GRN,ON,IND,OTH,,,,ALP,LNP,GRN,ON,IND,OTH,Parties left,,,,,,,,,,,ALP,LNP,GRN,ON,IND,OTH,,,,ALP,LNP,GRN,ON,IND,OTH,Parties left,,,,,,,,,,,ALP,LNP,GRN,ON,IND,OTH
Primary,33.22%,32.77%,16.43%,13.43%,2.11%,2.03%,ALP+LNP+GRN+ON+IND,100.00%,,TRUE,TRUE,TRUE,TRUE,TRUE,FALSE,,ROUND 1,33.22%,32.77%,16.43%,13.43%,2.11%,2.03%,,,Primary,24.13%,45.16%,12.51%,15.28%,1.60%,1.32%,ALP+LNP+GRN+ON+IND,100.00%,,TRUE,TRUE,TRUE,TRUE,TRUE,FALSE,,ROUND 1,24.13%,45.16%,12.51%,15.28%,1.60%,1.32%,,,Primary,32.49%,37.77%,10.93%,14.58%,0.36%,3.86%,ALP+LNP+GRN+ON+OTH,100.00%,,TRUE,TRUE,TRUE,TRUE,FALSE,TRUE,,ROUND 1,32.49%,37.77%,10.93%,14.58%,0.36%,3.86%,,,Primary,33.94%,24.36%,20.00%,18.31%,1.82%,1.58%,ALP+LNP+GRN+ON+IND,100.00%,,TRUE,TRUE,TRUE,TRUE,TRUE,FALSE,,ROUND 1,33.94%,24.36%,20.00%,18.31%,1.82%,1.58%,,,Primary,37.40%,19.36%,12.29%,24.57%,1.08%,5.31%,ALP+LNP+GRN+ON+OTH,100.00%,,TRUE,TRUE,TRUE,TRUE,FALSE,TRUE,,ROUND 1,37.40%,19.36%,12.29%,24.57%,1.08%,5.31%,,,Primary,30.53%,31.51%,8.61%,20.29%,1.99%,7.07%,ALP+LNP+GRN+ON+OTH,100.00%,,TRUE,TRUE,TRUE,TRUE,FALSE,TRUE,,ROUND 1,30.53%,31.51%,8.61%,20.29%,1.99%,7.07%,,,Primary,24.51%,36.98%,11.36%,20.28%,0.34%,6.53%,ALP+LNP+GRN+ON+OTH,100.00%,,TRUE,TRUE,TRUE,TRUE,FALSE,TRUE,,ROUND 1,24.51%,36.98%,11.36%,20.28%,0.34%,6.53%,,,Primary,30.68%,30.64%,17.18%,15.83%,0.36%,5.32%,ALP+LNP+GRN+ON+OTH,100.00%,,TRUE,TRUE,TRUE,TRUE,FALSE,TRUE,,ROUND 1,30.68%,30.64%,17.18%,15.83%,0.36%,5.32%,,,Primary,23.58%,42.99%,12.93%,17.28%,1.55%,1.67%,ALP+LNP+GRN+ON+OTH,100.00%,,TRUE,TRUE,TRUE,TRUE,FALSE,TRUE,,ROUND 1,23.58%,42.99%,12.93%,17.28%,1.55%,1.67%,,,Primary,35.04%,28.33%,13.64%,21.13%,0.33%,1.53%,ALP+LNP+GRN+ON+OTH,100.00%,,TRUE,TRUE,TRUE,TRUE,FALSE,TRUE,,ROUND 1,35.04%,28.33%,13.64%,21.13%,0.33%,1.53%,,,Primary,39.05%,15.29%,6.88%,27.80%,0.31%,10.68%,ALP+LNP+GRN+ON+OTH,100.00%,,TRUE,TRUE,TRUE,TRUE,FALSE,TRUE,,ROUND 1,39.05%,15.29%,6.88%,27.80%,0.31%,10.68%,,,Primary,31.32%,31.38%,12.98%,18.98%,1.08%,4.26%,ALP+LNP+GRN+ON+OTH,100.00%,,TRUE,TRUE,TRUE,TRUE,FALSE,TRUE,,ROUND 1,31.32%,31.38%,12.98%,18.98%,1.08%,4.26%,,,Primary,31.32%,31.38%,12.98%,18.98%,1.08%,4.26%,ALP+LNP+GRN+ON+OTH,100.00%,,TRUE,TRUE,TRUE,TRUE,FALSE,TRUE,,ROUND 1,31.32%,31.38%,12.98%,18.98%,1.08%,4.26%,,,Primary,26.00%,25.90%,11.70%,24.40%,6.00%,6.00%,ALP+LNP+GRN+ON+OTH,100.00%,,TRUE,TRUE,TRUE,TRUE,FALSE,TRUE,,ROUND 1,26.00%,25.90%,11.70%,24.40%,6.00%,6.00%
Eliminated,2.03%,,OTH,,ALP+LNP+GRN+ON+IND,OTH,,,,,,,,,,,SWING,-8.12%,-2.38%,2.31%,13.43%,0.08%,-5.31%,,,Eliminated,1.32%,,OTH,,ALP+LNP+GRN+ON+IND,OTH,,,,,,,,,,,SWING,-8.61%,-2.95%,1.84%,15.28%,0.12%,-5.68%,,,Eliminated,0.36%,,IND,,ALP+LNP+GRN+ON+OTH,IND,,,,,,,,,,,SWING,-8.15%,-2.39%,1.35%,14.58%,0.36%,-5.75%,,,Eliminated,1.58%,,OTH,,ALP+LNP+GRN+ON+IND,OTH,,,,,,,,,,,SWING,-8.75%,-6.59%,0.76%,18.31%,0.00%,-3.72%,,,Eliminated,1.08%,,IND,,ALP+LNP+GRN+ON+OTH,IND,,,,,,,,,,,SWING,-10.42%,-8.33%,-0.88%,24.57%,0.07%,-5.01%,,,Eliminated,1.99%,,IND,,ALP+LNP+GRN+ON+OTH,IND,,,,,,,,,,,SWING,-10.81%,-4.11%,1.22%,20.29%,-0.10%,-6.49%,,,Eliminated,0.34%,,IND,,ALP+LNP+GRN+ON+OTH,IND,,,,,,,,,,,SWING,-9.59%,-5.98%,0.53%,20.28%,0.34%,-5.59%,,,Eliminated,0.36%,,IND,,ALP+LNP+GRN+ON+OTH,IND,,,,,,,,,,,SWING,-8.34%,-3.16%,1.65%,15.83%,0.36%,-6.33%,,,Eliminated,1.55%,,IND,,ALP+LNP+GRN+ON+OTH,IND,,,,,,,,,,,SWING,-9.58%,-4.36%,1.21%,17.28%,0.09%,-4.64%,,,Eliminated,0.33%,,IND,,ALP+LNP+GRN+ON+OTH,IND,,,,,,,,,,,SWING,-9.46%,-7.29%,0.19%,21.13%,0.33%,-4.91%,,,Eliminated,0.31%,,IND,,ALP+LNP+GRN+ON+OTH,IND,,,,,,,,,,,SWING,-10.85%,-10.63%,-0.43%,27.80%,0.31%,-6.20%,,,Eliminated,1.08%,,IND,,ALP+LNP+GRN+ON+OTH,IND,,,,,,,,,,,SWING,-9.11%,-5.56%,0.86%,18.98%,0.18%,-5.36%,,,Eliminated,1.08%,,IND,,ALP+LNP+GRN+ON+OTH,IND,,,,,,,,,,,SWING,-9.11%,-5.56%,0.86%,18.98%,0.18%,-5.36%,,,Eliminated,6.00%,,IND,,ALP+LNP+GRN+ON+OTH,IND,,,,,,,,,,,SWING,-10.66%,-8.58%,0.20%,24.40%,0.45%,-5.81%
Weights,12.18%,12.47%,18.30%,46.34%,10.72%,0.00%,,,,,,,,,,,ELIMINATED,OTHER,,,2.03%,,,,,Weights,12.12%,12.31%,18.57%,46.28%,10.72%,0.00%,,,,,,,,,,,ELIMINATED,OTHER,,,1.32%,,,,,Weights,21.05%,14.16%,18.92%,37.45%,0.00%,8.44%,,,,,,,,,,,ELIMINATED,INDEPENDENT,,,0.36%,,,,,Weights,11.58%,11.95%,19.60%,46.14%,10.72%,0.00%,,,,,,,,,,,ELIMINATED,OTHER,,,1.58%,,,,,Weights,11.66%,19.60%,9.73%,31.83%,0.00%,27.19%,,,,,,,,,,,ELIMINATED,INDEPENDENT,,,1.08%,,,,,Weights,12.31%,9.71%,33.05%,26.41%,0.00%,18.52%,,,,,,,,,,,ELIMINATED,INDEPENDENT,,,1.99%,,,,,Weights,21.05%,14.16%,18.92%,37.45%,0.00%,8.44%,,,,,,,,,,,ELIMINATED,INDEPENDENT,,,0.34%,,,,,Weights,21.05%,14.16%,18.92%,37.45%,0.00%,8.44%,,,,,,,,,,,ELIMINATED,INDEPENDENT,,,0.36%,,,,,Weights,14.08%,14.27%,18.94%,29.30%,0.00%,23.41%,,,,,,,,,,,ELIMINATED,INDEPENDENT,,,1.55%,,,,,Weights,21.05%,14.16%,18.92%,37.45%,0.00%,8.44%,,,,,,,,,,,ELIMINATED,INDEPENDENT,,,0.33%,,,,,Weights,21.05%,14.16%,18.92%,37.45%,0.00%,8.44%,,,,,,,,,,,ELIMINATED,INDEPENDENT,,,0.31%,,,,,Weights,11.46%,14.07%,19.46%,29.66%,0.00%,25.35%,,,,,,,,,,,ELIMINATED,INDEPENDENT,,,1.08%,,,,,Weights,11.46%,14.07%,19.46%,29.66%,0.00%,25.35%,,,,,,,,,,,ELIMINATED,INDEPENDENT,,,1.08%,,,,,Weights,26.57%,23.70%,13.14%,28.31%,0.00%,8.27%,,,,,,,,,,,ELIMINATED,INDEPENDENT,,,6.00%,,
,,,,,,,,,,,,,,,,,DISTRIBUTED,0.25%,0.25%,0.37%,0.94%,0.22%,,,,,,,,,,,,,,,,,,,,,DISTRIBUTED,0.16%,0.16%,0.25%,0.61%,0.14%,,,,,,,,,,,,,,,,,,,,,DISTRIBUTED,0.08%,0.05%,0.07%,0.14%,,0.03%,,,,,,,,,,,,,,,,,,,,DISTRIBUTED,0.18%,0.19%,0.31%,0.73%,0.17%,,,,,,,,,,,,,,,,,,,,,DISTRIBUTED,0.13%,0.21%,0.10%,0.34%,,0.29%,,,,,,,,,,,,,,,,,,,,DISTRIBUTED,0.25%,0.19%,0.66%,0.53%,,0.37%,,,,,,,,,,,,,,,,,,,,DISTRIBUTED,0.07%,0.05%,0.06%,0.13%,,0.03%,,,,,,,,,,,,,,,,,,,,DISTRIBUTED,0.07%,0.05%,0.07%,0.13%,,0.03%,,,,,,,,,,,,,,,,,,,,DISTRIBUTED,0.22%,0.22%,0.29%,0.45%,,0.36%,,,,,,,,,,,,,,,,,,,,DISTRIBUTED,0.07%,0.05%,0.06%,0.13%,,0.03%,,,,,,,,,,,,,,,,,,,,DISTRIBUTED,0.06%,0.04%,0.06%,0.11%,,0.03%,,,,,,,,,,,,,,,,,,,,DISTRIBUTED,0.12%,0.15%,0.21%,0.32%,,0.27%,,,,,,,,,,,,,,,,,,,,DISTRIBUTED,0.12%,0.15%,0.21%,0.32%,,0.27%,,,,,,,,,,,,,,,,,,,,DISTRIBUTED,1.59%,1.42%,0.79%,1.70%,,0.50%
Round 2,33.47%,33.03%,16.81%,14.37%,2.33%,0.00%,ALP+LNP+GRN+ON,100.00%,,TRUE,TRUE,TRUE,TRUE,TRUE,FALSE,,ROUND 2,33.47%,33.03%,16.81%,14.37%,2.33%,,,,Round 2,24.29%,45.32%,12.75%,15.90%,1.74%,0.00%,ALP+LNP+GRN+ON,100.00%,,TRUE,TRUE,TRUE,TRUE,TRUE,FALSE,,ROUND 2,24.29%,45.32%,12.75%,15.90%,1.74%,,,,Round 2,32.57%,37.83%,11.00%,14.71%,0.00%,3.89%,ALP+LNP+GRN+ON,100.00%,,TRUE,TRUE,TRUE,TRUE,FALSE,TRUE,,ROUND 2,32.57%,37.83%,11.00%,14.71%,,3.89%,,,Round 2,34.12%,24.55%,20.31%,19.04%,1.99%,0.00%,ALP+LNP+GRN+ON,100.00%,,TRUE,TRUE,TRUE,TRUE,TRUE,FALSE,,ROUND 2,34.12%,24.55%,20.31%,19.04%,1.99%,,,,Round 2,37.52%,19.57%,12.39%,24.92%,0.00%,5.60%,ALP+LNP+GRN+ON,100.00%,,TRUE,TRUE,TRUE,TRUE,FALSE,TRUE,,ROUND 2,37.52%,19.57%,12.39%,24.92%,,5.60%,,,Round 2,30.77%,31.70%,9.27%,20.81%,0.00%,7.44%,ALP+LNP+GRN+ON,100.00%,,TRUE,TRUE,TRUE,TRUE,FALSE,TRUE,,ROUND 2,30.77%,31.70%,9.27%,20.81%,,7.44%,,,Round 2,24.58%,37.03%,11.42%,20.41%,0.00%,6.56%,ALP+LNP+GRN+ON,100.00%,,TRUE,TRUE,TRUE,TRUE,FALSE,TRUE,,ROUND 2,24.58%,37.03%,11.42%,20.41%,,6.56%,,,Round 2,30.76%,30.69%,17.24%,15.96%,0.00%,5.35%,ALP+LNP+GRN+ON,100.00%,,TRUE,TRUE,TRUE,TRUE,FALSE,TRUE,,ROUND 2,30.76%,30.69%,17.24%,15.96%,,5.35%,,,Round 2,23.79%,43.21%,13.22%,17.74%,0.00%,2.03%,ALP+LNP+GRN+ON,100.00%,,TRUE,TRUE,TRUE,TRUE,FALSE,TRUE,,ROUND 2,23.79%,43.21%,13.22%,17.74%,,2.03%,,,Round 2,35.11%,28.38%,13.70%,21.26%,0.00%,1.56%,ALP+LNP+GRN+ON,100.00%,,TRUE,TRUE,TRUE,TRUE,FALSE,TRUE,,ROUND 2,35.11%,28.38%,13.70%,21.26%,,1.56%,,,Round 2,39.11%,15.34%,6.94%,27.91%,0.00%,10.70%,ALP+LNP+ON+OTH,100.00%,,TRUE,TRUE,TRUE,TRUE,FALSE,TRUE,,ROUND 2,39.11%,15.34%,6.94%,27.91%,,10.70%,,,Round 2,31.45%,31.53%,13.19%,19.30%,0.00%,4.54%,ALP+LNP+GRN+ON,100.00%,,TRUE,TRUE,TRUE,TRUE,FALSE,TRUE,,ROUND 2,31.45%,31.53%,13.19%,19.30%,,4.54%,,,Round 2,31.45%,31.53%,13.19%,19.30%,0.00%,4.54%,ALP+LNP+GRN+ON,100.00%,,TRUE,TRUE,TRUE,TRUE,FALSE,TRUE,,ROUND 2,31.45%,31.53%,13.19%,19.30%,,4.54%,,,Round 2,27.59%,27.32%,12.49%,26.10%,0.00%,6.50%,ALP+LNP+GRN+ON,100.00%,,TRUE,TRUE,TRUE,TRUE,FALSE,TRUE,,ROUND 2,27.59%,27.32%,12.49%,26.10%,,6.50%
Eliminated,2.33%,,IND,,ALP+LNP+GRN+ON,OTH,,,,,,,,,,,SWING,,,,,,,,,Eliminated,1.74%,,IND,,ALP+LNP+GRN+ON,OTH,,,,,,,,,,,SWING,,,,,,,,,Eliminated,3.89%,,OTH,,ALP+LNP+GRN+ON,IND,,,,,,,,,,,SWING,,,,,,,,,Eliminated,1.99%,,IND,,ALP+LNP+GRN+ON,OTH,,,,,,,,,,,SWING,,,,,,,,,Eliminated,5.60%,,OTH,,ALP+LNP+GRN+ON,IND,,,,,,,,,,,SWING,,,,,,,,,Eliminated,7.44%,,OTH,,ALP+LNP+GRN+ON,IND,,,,,,,,,,,SWING,,,,,,,,,Eliminated,6.56%,,OTH,,ALP+LNP+GRN+ON,IND,,,,,,,,,,,SWING,,,,,,,,,Eliminated,5.35%,,OTH,,ALP+LNP+GRN+ON,IND,,,,,,,,,,,SWING,,,,,,,,,Eliminated,2.03%,,OTH,,ALP+LNP+GRN+ON,IND,,,,,,,,,,,SWING,,,,,,,,,Eliminated,1.56%,,OTH,,ALP+LNP+GRN+ON,IND,,,,,,,,,,,SWING,,,,,,,,,Eliminated,6.94%,,GRN,,ALP+LNP+ON+OTH,IND,,,,,,,,,,,SWING,,,,,,,,,Eliminated,4.54%,,OTH,,ALP+LNP+GRN+ON,IND,,,,,,,,,,,SWING,,,,,,,,,Eliminated,4.54%,,OTH,,ALP+LNP+GRN+ON,IND,,,,,,,,,,,SWING,,,,,,,,,Eliminated,6.50%,,OTH,,ALP+LNP+GRN+ON,IND,,,,,,,,,,,SWING,,,,,,
Weights,23.83%,17.63%,22.00%,36.54%,0.00%,0.00%,,,,,,,,,,,ELIMINATED,INDEPENDENT,,,2.33%,,,,,Weights,22.95%,17.52%,23.30%,36.22%,0.00%,0.00%,,,,,,,,,,,ELIMINATED,INDEPENDENT,,,1.74%,,,,,Weights,11.71%,18.61%,21.56%,48.11%,0.00%,0.00%,,,,,,,,,,,ELIMINATED,OTHER,,,3.89%,,,,,Weights,24.34%,18.94%,23.22%,33.50%,0.00%,0.00%,,,,,,,,,,,ELIMINATED,INDEPENDENT,,,1.99%,,,,,Weights,12.13%,20.80%,18.30%,48.78%,0.00%,0.00%,,,,,,,,,,,ELIMINATED,OTHER,,,5.60%,,,,,Weights,10.73%,17.89%,13.86%,57.52%,0.00%,0.00%,,,,,,,,,,,ELIMINATED,OTHER,,,7.44%,,,,,Weights,13.19%,15.46%,14.36%,56.98%,0.00%,0.00%,,,,,,,,,,,ELIMINATED,OTHER,,,6.56%,,,,,Weights,12.54%,16.01%,14.36%,57.10%,0.00%,0.00%,,,,,,,,,,,ELIMINATED,OTHER,,,5.35%,,,,,Weights,6.32%,19.70%,16.23%,57.75%,0.00%,0.00%,,,,,,,,,,,ELIMINATED,OTHER,,,2.03%,,,,,Weights,8.75%,17.72%,16.20%,57.33%,0.00%,0.00%,,,,,,,,,,,ELIMINATED,OTHER,,,1.56%,,,,,Weights,57.63%,10.30%,0.00%,16.54%,0.00%,15.53%,,,,,,,,,,,ELIMINATED,GREENS,,,6.94%,,,,,Weights,11.00%,18.15%,13.22%,57.62%,0.00%,0.00%,,,,,,,,,,,ELIMINATED,OTHER,,,4.54%,,,,,Weights,11.00%,18.15%,13.22%,57.62%,0.00%,0.00%,,,,,,,,,,,ELIMINATED,OTHER,,,4.54%,,,,,Weights,13.27%,15.12%,14.90%,56.71%,0.00%,0.00%,,,,,,,,,,,ELIMINATED,OTHER,,,6.50%,,
,,,,,,,,,,,,,,,,,DISTRIBUTED,0.55%,0.41%,0.51%,0.85%,,,,,,,,,,,,,,,,,,,,,,DISTRIBUTED,0.40%,0.30%,0.41%,0.63%,,,,,,,,,,,,,,,,,,,,,,DISTRIBUTED,0.46%,0.72%,0.84%,1.87%,,,,,,,,,,,,,,,,,,,,,,DISTRIBUTED,0.48%,0.38%,0.46%,0.67%,,,,,,,,,,,,,,,,,,,,,,DISTRIBUTED,0.68%,1.17%,1.03%,2.73%,,,,,,,,,,,,,,,,,,,,,,DISTRIBUTED,0.80%,1.33%,1.03%,4.28%,,,,,,,,,,,,,,,,,,,,,,DISTRIBUTED,0.87%,1.01%,0.94%,3.74%,,,,,,,,,,,,,,,,,,,,,,DISTRIBUTED,0.67%,0.86%,0.77%,3.05%,,,,,,,,,,,,,,,,,,,,,,DISTRIBUTED,0.13%,0.40%,0.33%,1.17%,,,,,,,,,,,,,,,,,,,,,,DISTRIBUTED,0.14%,0.28%,0.25%,0.89%,,,,,,,,,,,,,,,,,,,,,,DISTRIBUTED,4.00%,0.71%,,1.15%,,1.08%,,,,,,,,,,,,,,,,,,,,DISTRIBUTED,0.50%,0.82%,0.60%,2.61%,,,,,,,,,,,,,,,,,,,,,,DISTRIBUTED,0.50%,0.82%,0.60%,2.61%,,,,,,,,,,,,,,,,,,,,,,DISTRIBUTED,0.86%,0.98%,0.97%,3.68%,,
Round 3,34.02%,33.44%,17.32%,15.22%,0.00%,0.00%,ALP+LNP+GRN,1,,TRUE,TRUE,TRUE,TRUE,FALSE,FALSE,,ROUND 3,34.02%,33.44%,17.32%,15.22%,,,,,Round 3,24.69%,45.63%,13.16%,16.53%,0.00%,0.00%,ALP+LNP+ON,1,,TRUE,TRUE,TRUE,TRUE,FALSE,FALSE,,ROUND 3,24.69%,45.63%,13.16%,16.53%,,,,,Round 3,33.02%,38.55%,11.84%,16.58%,0.00%,0.00%,ALP+LNP+ON,1,,TRUE,TRUE,TRUE,TRUE,FALSE,FALSE,,ROUND 3,33.02%,38.55%,11.84%,16.58%,,,,,Round 3,34.61%,24.92%,20.77%,19.70%,0.00%,0.00%,ALP+LNP+GRN,1,,TRUE,TRUE,TRUE,TRUE,FALSE,FALSE,,ROUND 3,34.61%,24.92%,20.77%,19.70%,,,,,Round 3,38.20%,20.73%,13.42%,27.65%,0.00%,0.00%,ALP+LNP+ON,1,,TRUE,TRUE,TRUE,TRUE,FALSE,FALSE,,ROUND 3,38.20%,20.73%,13.42%,27.65%,,,,,Round 3,31.57%,33.04%,10.30%,25.09%,0.00%,0.00%,ALP+LNP+ON,1,,TRUE,TRUE,TRUE,TRUE,FALSE,FALSE,,ROUND 3,31.57%,33.04%,10.30%,25.09%,,,,,Round 3,25.44%,38.04%,12.36%,24.15%,0.00%,0.00%,ALP+LNP+ON,1,,TRUE,TRUE,TRUE,TRUE,FALSE,FALSE,,ROUND 3,25.44%,38.04%,12.36%,24.15%,,,,,Round 3,31.43%,31.55%,18.01%,19.02%,0.00%,0.00%,ALP+LNP+ON,1,,TRUE,TRUE,TRUE,TRUE,FALSE,FALSE,,ROUND 3,31.43%,31.55%,18.01%,19.02%,,,,,Round 3,23.92%,43.61%,13.55%,18.91%,0.00%,0.00%,ALP+LNP+ON,100.00%,,TRUE,TRUE,TRUE,TRUE,FALSE,FALSE,,ROUND 3,23.92%,43.61%,13.55%,18.91%,,,,,Round 3,35.24%,28.65%,13.95%,22.15%,0.00%,0.00%,ALP+LNP+ON,100.00%,,TRUE,TRUE,TRUE,TRUE,FALSE,FALSE,,ROUND 3,35.24%,28.65%,13.95%,22.15%,,,,,Round 3,43.11%,16.05%,0.00%,29.06%,0.00%,11.78%,ALP+LNP+ON,100.00%,,TRUE,TRUE,FALSE,TRUE,FALSE,TRUE,,ROUND 3,43.11%,16.05%,,29.06%,,11.78%,,,Round 3,31.95%,32.35%,13.79%,21.91%,0.00%,0.00%,ALP+LNP+ON,1,,TRUE,TRUE,TRUE,TRUE,FALSE,FALSE,,ROUND 3,31.95%,32.35%,13.79%,21.91%,,,,,Round 3,31.95%,32.35%,13.79%,21.91%,0.00%,0.00%,ALP+LNP+ON,100.00%,,TRUE,TRUE,TRUE,TRUE,FALSE,FALSE,,ROUND 3,31.95%,32.35%,13.79%,21.91%,,,,,Round 3,28.46%,28.30%,13.46%,29.78%,0.00%,0.00%,ALP+LNP+ON,100.00%,,TRUE,TRUE,TRUE,TRUE,FALSE,FALSE,,ROUND 3,28.46%,28.30%,13.46%,29.78%,,
Eliminated,15.22%,,ON,,ALP+LNP+GRN,IND,,,,,,,,,,,SWING,,,,,,,,,Eliminated,13.16%,,GRN,,ALP+LNP+ON,IND,,,,,,,,,,,SWING,,,,,,,,,Eliminated,11.84%,,GRN,,ALP+LNP+ON,IND,,,,,,,,,,,SWING,,,,,,,,,Eliminated,19.70%,,ON,,ALP+LNP+GRN,IND,,,,,,,,,,,SWING,,,,,,,,,Eliminated,13.42%,,GRN,,ALP+LNP+ON,IND,,,,,,,,,,,SWING,,,,,,,,,Eliminated,10.30%,,GRN,,ALP+LNP+ON,IND,,,,,,,,,,,SWING,,,,,,,,,Eliminated,12.36%,,GRN,,ALP+LNP+ON,IND,,,,,,,,,,,SWING,,,,,,,,,Eliminated,18.01%,,GRN,,ALP+LNP+ON,IND,,,,,,,,,,,SWING,,,,,,,,,Eliminated,13.55%,,GRN,,ALP+LNP+ON,IND,,,,,,,,,,,SWING,,,,,,,,,Eliminated,13.95%,,GRN,,ALP+LNP+ON,IND,,,,,,,,,,,SWING,,,,,,,,,Eliminated,11.78%,,OTH,,ALP+LNP+ON,GRN,,,,,,,,,,,SWING,,,,,,,,,Eliminated,13.79%,,GRN,,ALP+LNP+ON,IND,,,,,,,,,,,SWING,,,,,,,,,Eliminated,13.79%,,GRN,,ALP+LNP+ON,IND,,,,,,,,,,,SWING,,,,,,,,,Eliminated,13.46%,,GRN,,ALP+LNP+ON,IND,,,,,,,,,,,SWING,,,,,,
Weights,19.76%,68.94%,11.30%,0.00%,0.00%,0.00%,,,,,,,,,,,ELIMINATED,ONE NATION,,,15.22%,,,,,Weights,63.35%,22.10%,0.00%,14.54%,0.00%,0.00%,,,,,,,,,,,ELIMINATED,GREENS,,,13.16%,,,,,Weights,71.66%,14.93%,0.00%,13.41%,0.00%,0.00%,,,,,,,,,,,ELIMINATED,GREENS,,,11.84%,,,,,Weights,19.76%,68.94%,11.30%,0.00%,0.00%,0.00%,,,,,,,,,,,ELIMINATED,ONE NATION,,,19.70%,,,,,Weights,65.77%,20.02%,0.00%,14.21%,0.00%,0.00%,,,,,,,,,,,ELIMINATED,GREENS,,,13.42%,,,,,Weights,66.07%,19.76%,0.00%,14.17%,0.00%,0.00%,,,,,,,,,,,ELIMINATED,GREENS,,,10.30%,,,,,Weights,67.84%,18.23%,0.00%,13.93%,0.00%,0.00%,,,,,,,,,,,ELIMINATED,GREENS,,,12.36%,,,,,Weights,71.65%,14.94%,0.00%,13.41%,0.00%,0.00%,,,,,,,,,,,ELIMINATED,GREENS,,,18.01%,,,,,Weights,70.10%,16.27%,0.00%,13.62%,0.00%,0.00%,,,,,,,,,,,ELIMINATED,GREENS,,,13.55%,,,,,Weights,75.62%,11.51%,0.00%,12.87%,0.00%,0.00%,,,,,,,,,,,ELIMINATED,GREENS,,,13.95%,,,,,Weights,15.17%,24.94%,0.00%,59.88%,0.00%,0.00%,,,,,,,,,,,ELIMINATED,OTHER,,,11.78%,,,,,Weights,70.65%,15.80%,0.00%,13.55%,0.00%,0.00%,,,,,,,,,,,ELIMINATED,GREENS,,,13.79%,,,,,Weights,70.65%,15.80%,0.00%,13.55%,0.00%,0.00%,,,,,,,,,,,ELIMINATED,GREENS,,,13.79%,,,,,Weights,70.67%,13.92%,0.00%,15.41%,0.00%,0.00%,,,,,,,,,,,ELIMINATED,GREENS,,,13.46%,,
,,,,,,,,,,,,,,,,,DISTRIBUTED,3.56%,10.90%,2.23%,,,,,,,,,,,,,,,,,,,,,,,DISTRIBUTED,8.74%,3.21%,,2.54%,,,,,,,,,,,,,,,,,,,,,,DISTRIBUTED,8.94%,2.49%,,3.46%,,,,,,,,,,,,,,,,,,,,,,DISTRIBUTED,4.38%,13.96%,2.69%,,,,,,,,,,,,,,,,,,,,,,,DISTRIBUTED,9.50%,3.85%,,4.64%,,,,,,,,,,,,,,,,,,,,,,DISTRIBUTED,7.61%,3.37%,,5.74%,,,,,,,,,,,,,,,,,,,,,,DISTRIBUTED,9.25%,3.27%,,5.46%,,,,,,,,,,,,,,,,,,,,,,DISTRIBUTED,13.57%,3.55%,,5.47%,,,,,,,,,,,,,,,,,,,,,,DISTRIBUTED,9.63%,2.61%,,3.02%,,,,,,,,,,,,,,,,,,,,,,DISTRIBUTED,10.69%,1.88%,,2.69%,,,,,,,,,,,,,,,,,,,,,,DISTRIBUTED,5.79%,3.65%,,8.20%,,,,,,,,,,,,,,,,,,,,,,DISTRIBUTED,10.24%,3.00%,,4.48%,,,,,,,,,,,,,,,,,,,,,,DISTRIBUTED,10.24%,3.00%,,4.48%,,,,,,,,,,,,,,,,,,,,,,DISTRIBUTED,10.37%,2.86%,,5.76%,,
Round 4 (3CP),37.03%,43.93%,19.04%,0.00%,0.00%,0.00%,ALP+LNP,1,,TRUE,TRUE,TRUE,FALSE,TRUE,FALSE,,ROUND 4,37.03%,43.93%,19.04%,,,,,,Round 4 (3CP),33.03%,48.53%,0.00%,18.44%,0.00%,0.00%,ALP+LNP,1,,TRUE,TRUE,FALSE,TRUE,TRUE,FALSE,,ROUND 4,33.03%,48.53%,,18.44%,,,,,Round 4 (3CP),41.51%,40.32%,0.00%,18.17%,0.00%,0.00%,ALP+LNP,1,,TRUE,TRUE,FALSE,TRUE,FALSE,TRUE,,ROUND 4,41.51%,40.32%,,18.17%,,,,,Round 4 (3CP),38.50%,38.51%,22.99%,0.00%,0.00%,0.00%,ALP+LNP,1,,TRUE,TRUE,TRUE,FALSE,TRUE,FALSE,,ROUND 4,38.50%,38.51%,22.99%,,,,,,Round 4 (3CP),47.03%,23.42%,0.00%,29.56%,0.00%,0.00%,ALP+ON,1,,TRUE,TRUE,FALSE,TRUE,FALSE,TRUE,,ROUND 4,47.03%,23.42%,,29.56%,,,,,Round 4 (3CP),38.38%,35.07%,0.00%,26.55%,0.00%,0.00%,ALP+LNP,1,,TRUE,TRUE,FALSE,TRUE,FALSE,TRUE,,ROUND 4,38.38%,35.07%,,26.55%,,,,,Round 4 (3CP),33.83%,40.30%,0.00%,25.87%,0.00%,0.00%,ALP+LNP,1,,TRUE,TRUE,FALSE,TRUE,FALSE,TRUE,,ROUND 4,33.83%,40.30%,,25.87%,,,,,Round 4 (3CP),44.33%,34.24%,0.00%,21.43%,0.00%,0.00%,ALP+LNP,1,,TRUE,TRUE,FALSE,TRUE,FALSE,TRUE,,ROUND 4,44.33%,34.24%,,21.43%,,,,,Round 4 (3CP),33.42%,45.82%,0.00%,20.76%,0.00%,0.00%,ALP+LNP,1,,TRUE,TRUE,FALSE,TRUE,FALSE,TRUE,,ROUND 4,33.42%,45.82%,,20.76%,,,,,Round 4 (3CP),45.80%,30.26%,0.00%,23.95%,0.00%,0.00%,ALP+LNP,1,,TRUE,TRUE,FALSE,TRUE,FALSE,TRUE,,ROUND 4,45.80%,30.26%,,23.95%,,,,,Round 4 (3CP),44.90%,18.99%,0.00%,36.12%,0.00%,0.00%,ALP+ON,1,,TRUE,TRUE,TRUE,TRUE,FALSE,FALSE,,ROUND 4,44.90%,18.99%,,36.12%,,,,,Round 4 (3CP),41.69%,34.53%,0.00%,23.78%,0.00%,0.00%,ALP+LNP,1,,TRUE,TRUE,FALSE,TRUE,FALSE,TRUE,,ROUND 4,41.69%,34.53%,,23.78%,,,,,Round 4 (3CP),41.69%,34.53%,0.00%,23.78%,0.00%,0.00%,ALP+ON,100.00%,,TRUE,TRUE,FALSE,TRUE,FALSE,TRUE,,ROUND 4,41.69%,34.53%,,23.78%,,,,,Round 4 (3CP),37.97%,30.18%,0.00%,31.86%,0.00%,0.00%,ALP+LNP,100.00%,,TRUE,TRUE,FALSE,TRUE,FALSE,TRUE,,ROUND 4,37.97%,30.18%,,31.86%,,
Eliminated,19.04%,,GRN,,ALP+LNP,ON,,,,,,,,,,,SWING,,,,,,,,,Eliminated,18.44%,,ON,,ALP+LNP,GRN,,,,,,,,,,,SWING,,,,,,,,,Eliminated,18.17%,,ON,,ALP+LNP,GRN,,,,,,,,,,,SWING,,,,,,,,,Eliminated,22.99%,,GRN,,ALP+LNP,ON,,,,,,,,,,,SWING,,,,,,,,,Eliminated,23.42%,,LNP,,ALP+ON,GRN,,,,,,,,,,,SWING,,,,,,,,,Eliminated,26.55%,,ON,,ALP+LNP,GRN,,,,,,,,,,,SWING,,,,,,,,,Eliminated,25.87%,,ON,,ALP+LNP,GRN,,,,,,,,,,,SWING,,,,,,,,,Eliminated,21.43%,,ON,,ALP+LNP,GRN,,,,,,,,,,,SWING,,,,,,,,,Eliminated,20.76%,,ON,,ALP+LNP,GRN,,,,,,,,,,,SWING,,,,,,,,,Eliminated,23.95%,,ON,,ALP+LNP,GRN,,,,,,,,,,,SWING,,,,,,,,,Eliminated,18.99%,,LNP,,ALP+ON,GRN,,,,,,,,,,,SWING,,,,,,,,,Eliminated,23.78%,,ON,,ALP+LNP,GRN,,,,,,,,,,,SWING,,,,,,,,,Eliminated,23.78%,,LNP,,ALP+ON,GRN,,,,,,,,,,,SWING,,,,,,,,,Eliminated,30.18%,,ON,,ALP+LNP,GRN,,,,,,,,,,,SWING,,,,,,
Weights,84.31%,15.69%,0.00%,0.00%,0.00%,0.00%,,,,,,,,,,,ELIMINATED,GREENS,,,19.04%,,,,,Weights,23.47%,76.53%,0.00%,0.00%,0.00%,0.00%,,,,,,,,,,,ELIMINATED,ONE NATION,,,18.44%,,,,,Weights,23.47%,76.53%,0.00%,0.00%,0.00%,0.00%,,,,,,,,,,,ELIMINATED,ONE NATION,,,18.17%,,,,,Weights,86.61%,13.39%,0.00%,0.00%,0.00%,0.00%,,,,,,,,,,,ELIMINATED,GREENS,,,22.99%,,,,,Weights,28.29%,0.00%,0.00%,71.71%,0.00%,0.00%,,,,,,,,,,,ELIMINATED,LIBERAL,,,23.42%,,,,,Weights,23.47%,76.53%,0.00%,0.00%,0.00%,0.00%,,,,,,,,,,,ELIMINATED,ONE NATION,,,26.55%,,,,,Weights,23.47%,76.53%,0.00%,0.00%,0.00%,0.00%,,,,,,,,,,,ELIMINATED,ONE NATION,,,25.87%,,,,,Weights,23.47%,76.53%,0.00%,0.00%,0.00%,0.00%,,,,,,,,,,,ELIMINATED,ONE NATION,,,21.43%,,,,,Weights,23.47%,76.53%,0.00%,0.00%,0.00%,0.00%,,,,,,,,,,,ELIMINATED,ONE NATION,,,20.76%,,,,,Weights,23.47%,76.53%,0.00%,0.00%,0.00%,0.00%,,,,,,,,,,,ELIMINATED,ONE NATION,,,23.95%,,,,,Weights,28.56%,0.00%,0.00%,71.44%,0.00%,0.00%,,,,,,,,,,,ELIMINATED,LIBERAL,,,18.99%,,,,,Weights,23.47%,76.53%,0.00%,0.00%,0.00%,0.00%,,,,,,,,,,,ELIMINATED,ONE NATION,,,23.78%,,,,,Weights,28.56%,0.00%,0.00%,71.44%,0.00%,0.00%,,,,,,,,,,,ELIMINATED,ONE NATION,,,23.78%,,,,,Weights,23.47%,76.53%,0.00%,0.00%,0.00%,0.00%,,,,,,,,,,,ELIMINATED,LIBERAL,,,30.18%,,
,,,,,,,,,,,,,,,,,DISTRIBUTED,16.05%,2.99%,,,,,,,,,,,,,,,,,,,,,,,,DISTRIBUTED,4.33%,14.11%,,,,,,,,,,,,,,,,,,,,,,,,DISTRIBUTED,4.27%,13.91%,,,,,,,,,,,,,,,,,,,,,,,,DISTRIBUTED,19.91%,3.08%,,,,,,,,,,,,,,,,,,,,,,,,DISTRIBUTED,6.62%,,,16.79%,,,,,,,,,,,,,,,,,,,,,,DISTRIBUTED,6.23%,20.32%,,,,,,,,,,,,,,,,,,,,,,,,DISTRIBUTED,6.07%,19.80%,,,,,,,,,,,,,,,,,,,,,,,,DISTRIBUTED,5.03%,16.40%,,,,,,,,,,,,,,,,,,,,,,,,DISTRIBUTED,4.87%,15.88%,,,,,,,,,,,,,,,,,,,,,,,,DISTRIBUTED,5.62%,18.33%,,,,,,,,,,,,,,,,,,,,,,,,DISTRIBUTED,5.42%,,,13.57%,,,,,,,,,,,,,,,,,,,,,,DISTRIBUTED,5.58%,18.20%,,,,,,,,,,,,,,,,,,,,,,,,DISTRIBUTED,9.86%,,,24.67%,,,,,,,,,,,,,,,,,,,,,,DISTRIBUTED,7.48%,24.38%,,,,
Round 5 (2CP),53.08%,46.92%,0.00%,0.00%,0.00%,0.00%,2,1,,TRUE,TRUE,TRUE,FALSE,FALSE,FALSE,,2CP,53.08%,46.92%,,,,,,,Round 5 (2CP),37.36%,62.64%,0.00%,0.00%,0.00%,0.00%,2,1,,TRUE,TRUE,FALSE,TRUE,FALSE,FALSE,,2CP,37.36%,62.64%,,,,,,,Round 5 (2CP),45.78%,54.22%,0.00%,0.00%,0.00%,0.00%,2,1,,TRUE,TRUE,FALSE,TRUE,FALSE,FALSE,,2CP,45.78%,54.22%,,,,,,,Round 5 (2CP),58.41%,41.59%,0.00%,0.00%,0.00%,0.00%,2,1,,TRUE,TRUE,TRUE,FALSE,FALSE,FALSE,,2CP,58.41%,41.59%,,,,,,,Round 5 (2CP),53.65%,0.00%,0.00%,46.35%,0.00%,0.00%,2,1,,TRUE,TRUE,FALSE,TRUE,FALSE,FALSE,,2CP,53.65%,,,46.35%,,,,,Round 5 (2CP),44.61%,55.39%,0.00%,0.00%,0.00%,0.00%,2,1,,TRUE,TRUE,FALSE,TRUE,FALSE,FALSE,,2CP,44.61%,55.39%,,,,,,,Round 5 (2CP),39.91%,60.09%,0.00%,0.00%,0.00%,0.00%,2,1,,TRUE,TRUE,FALSE,TRUE,FALSE,FALSE,,2CP,39.91%,60.09%,,,,,,,Round 5 (2CP),49.36%,50.64%,0.00%,0.00%,0.00%,0.00%,2,1,,TRUE,TRUE,FALSE,TRUE,FALSE,FALSE,,2CP,49.36%,50.64%,,,,,,,Round 5 (2CP),38.30%,61.70%,0.00%,0.00%,0.00%,0.00%,2,1,,TRUE,TRUE,FALSE,TRUE,FALSE,FALSE,,2CP,38.30%,61.70%,,,,,,,Round 5 (2CP),51.42%,48.58%,0.00%,0.00%,0.00%,0.00%,2,1,,TRUE,TRUE,FALSE,TRUE,FALSE,FALSE,,2CP,51.42%,48.58%,,,,,,,Round 5 (2CP),50.32%,0.00%,0.00%,49.68%,0.00%,0.00%,2,1,,TRUE,TRUE,FALSE,TRUE,FALSE,FALSE,,2CP,50.32%,,,49.68%,,,,,Round 5 (2CP),47.27%,52.73%,0.00%,0.00%,0.00%,0.00%,2,1,,TRUE,TRUE,FALSE,TRUE,FALSE,FALSE,,2CP,47.27%,52.73%,,,,,,,Round 5 (2CP),51.55%,0.00%,0.00%,48.45%,0.00%,0.00%,2,100.00%,,TRUE,TRUE,FALSE,TRUE,FALSE,FALSE,,2CP,51.55%,,,48.45%,,,,,Round 5 (2CP),45.44%,54.56%,0.00%,0.00%,0.00%,0.00%,2,100.00%,,TRUE,TRUE,FALSE,TRUE,FALSE,FALSE,,2CP,45.44%,54.56%,,,,
,Primary row,,,,,,,,,,,,,,,,SWING,-4.14%,4.14%,,,,,,,,Primary row,,,,,,,,,,,,,,,,SWING,-6.71%,6.71%,,,,,,,,Primary row,,,,,,,,,,,,,,,,SWING,-7.53%,7.53%,,,,,,,,Primary row,,,,,,,,,,,,,,,,SWING,-4.34%,4.34%,,,,,,,,Primary row,,,,,,,,,,,,,,,,SWING,-9.04%,-37.31%,,46.35%,,,,,,Primary row,,,,,,,,,,,,,,,,SWING,-9.62%,9.62%,,,,,,,,Primary row,,,,,,,,,,,,,,,,SWING,-8.72%,8.72%,,,,,,,,Primary row,,,,,,,,,,,,,,,,SWING,-8.17%,8.17%,,,,,,,,Primary row,,,,,,,,,,,,,,,,SWING,-7.39%,7.39%,,,,,,,,Primary row,,,,,,,,,,,,,,,,SWING,-7.59%,7.59%,,,,,,,,Primary row,,,,,,,,,,,,,,,,SWING,-11.26%,-38.42%,,49.68%,,,,,,Primary row,,,,,,,,,,,,,,,,SWING,-7.68%,7.68%,,,,,,,,Primary row,,,,,,,,,,,,,,,,SWING,-3.40%,-45.05%,,48.45%,,,,,,Primary row,,,,,,,,,,,,,,,,SWING,-9.56%,9.56%,,,,
,5,,,,,,,,,,,,,,,,RESULT,LABOR RETAIN,,,,,,,,,6,,,,,,,,,,,,,,,,RESULT,LIBERAL RETAIN,,,,,,,,,7,,,,,,,,,,,,,,,,RESULT,LIBERAL GAIN,,,,,,,,,8,,,,,,,,,,,,,,,,RESULT,LABOR RETAIN,,,,,,,,,9,,,,,,,,,,,,,,,,RESULT,LABOR RETAIN,,,,,,,,,10,,,,,,,,,,,,,,,,RESULT,LIBERAL GAIN,,,,,,,,,11,,,,,,,,,,,,,,,,RESULT,LIBERAL RETAIN,,,,,,,,,12,,,,,,,,,,,,,,,,RESULT,LIBERAL GAIN,,,,,,,,,13,,,,,,,,,,,,,,,,RESULT,LIBERAL RETAIN,,,,,,,,,14,,,,,,,,,,,,,,,,RESULT,LABOR RETAIN,,,,,,,,,15,,,,,,,,,,,,,,,,RESULT,LABOR RETAIN,,,,,,,,,93,,,,,,,,,,,,,,,,RESULT,LIBERAL GAIN,,,,,,,,,93,,,,,,,,,,,,,,,,RESULT,LABOR RETAIN,,,,,,,,,101,,,,,,,,,,,,,,,,RESULT,LIBERAL GAIN,,,,,